{
  "brand_identity": {
    "name": "FREEOHNS",
    "tone": "Luxury, Premium, Reliable, Tech-Forward",
    "archetype": "The Ruler (Control, Quality) mixed with The Magician (Transformation)",
    "visual_style": "Dark Mode Luxury",
    "core_values": ["Excellence", "Speed", "Elegance"]
  },
  "typography": {
    "headings": {
      "font_family": "Playfair Display, serif",
      "weights": ["400", "700"],
      "usage": "Main headlines, service titles, hero text",
      "letter_spacing": "-0.02em"
    },
    "body": {
      "font_family": "Manrope, sans-serif",
      "weights": ["400", "500", "600"],
      "usage": "Paragraphs, UI elements, buttons, inputs",
      "letter_spacing": "0.01em"
    },
    "mono": {
      "font_family": "JetBrains Mono, monospace",
      "usage": "Code snippets, technical data, booking IDs"
    }
  },
  "colors": {
    "palette": {
      "background": {
        "default": "#050505",
        "paper": "#121212",
        "subtle": "#1A1A1A"
      },
      "primary": {
        "main": "#D4AF37",
        "light": "#F4C430",
        "dark": "#AA8C2C",
        "contrast": "#000000"
      },
      "secondary": {
        "main": "#00E5FF",
        "light": "#5FFFFF",
        "dark": "#00B2CC",
        "contrast": "#000000"
      },
      "text": {
        "primary": "#F5F5F5",
        "secondary": "#A3A3A3",
        "muted": "#525252",
        "inverse": "#000000"
      },
      "status": {
        "success": "#10B981",
        "warning": "#F59E0B",
        "error": "#EF4444",
        "info": "#3B82F6"
      },
      "border": {
        "default": "#262626",
        "active": "#D4AF37"
      }
    },
    "gradients": {
      "gold_rush": "linear-gradient(135deg, #D4AF37 0%, #AA8C2C 100%)",
      "cyan_glow": "linear-gradient(135deg, #00E5FF 0%, #00B2CC 100%)",
      "dark_overlay": "linear-gradient(to bottom, rgba(0,0,0,0) 0%, rgba(0,0,0,0.8) 100%)"
    }
  },
  "layout": {
    "grid_system": {
      "base": "grid-cols-4 md:grid-cols-8 lg:grid-cols-12",
      "gap": "gap-6 md:gap-8",
      "container": "max-w-7xl mx-auto px-4 sm:px-6 lg:px-8"
    },
    "spacing": {
      "section_padding": "py-20 md:py-32",
      "component_padding": "p-6 md:p-8"
    },
    "radius": {
      "default": "rounded-xl",
      "button": "rounded-full",
      "card": "rounded-2xl"
    }
  },
  "components": {
    "buttons": {
      "primary": "bg-[#D4AF37] text-black hover:bg-[#F4C430] font-semibold rounded-full px-8 py-3 transition-all shadow-[0_0_15px_rgba(212,175,55,0.3)]",
      "secondary": "bg-transparent border border-[#D4AF37] text-[#D4AF37] hover:bg-[#D4AF37]/10 rounded-full px-8 py-3 transition-all",
      "ghost": "text-gray-400 hover:text-white hover:bg-white/5 rounded-lg px-4 py-2"
    },
    "cards": {
      "service": "bg-[#121212] border border-[#262626] hover:border-[#D4AF37]/50 transition-all duration-300 group relative overflow-hidden rounded-2xl",
      "glass": "bg-black/40 backdrop-blur-xl border border-white/10 shadow-2xl"
    },
    "inputs": {
      "default": "bg-[#1A1A1A] border-[#333] text-white focus:border-[#D4AF37] focus:ring-1 focus:ring-[#D4AF37] rounded-lg h-12"
    }
  },
  "visual_enhancers": {
    "shadows": {
      "glow_gold": "0 0 20px rgba(212, 175, 55, 0.15)",
      "glow_cyan": "0 0 20px rgba(0, 229, 255, 0.15)",
      "depth": "0 10px 30px -10px rgba(0,0,0,0.5)"
    },
    "textures": {
      "noise": "url(\"data:image/svg+xml,%3Csvg viewBox='0 0 200 200' xmlns='http://www.w3.org/2000/svg'%3E%3Cfilter id='noiseFilter'%3E%3CfeTurbulence type='fractalNoise' baseFrequency='0.65' numOctaves='3' stitchTiles='stitch'/%3E%3C/filter%3E%3Crect width='100%25' height='100%25' filter='url(%23noiseFilter)' opacity='0.05'/%3E%3C/svg%3E\")"
    },
    "animations": {
      "hover_lift": "hover:-translate-y-1 transition-transform duration-300",
      "fade_in": "animate-in fade-in duration-500",
      "slide_up": "animate-in slide-in-from-bottom-4 duration-500"
    }
  },
  "media": {
    "image_urls": {
      "hero_taxi": "https://images.unsplash.com/photo-1762805080834-16bea28c87b6?crop=entropy&cs=srgb&fm=jpg&ixid=M3w4NjA2MDV8MHwxfHNlYXJjaHwxfHxsdXh1cnklMjBibGFjayUyMGNhciUyMG5pZ2h0JTIwY2l0eXxlbnwwfHx8fDE3Njk0NjEyMDR8MA&ixlib=rb-4.1.0&q=85",
      "hero_electric": "https://images.unsplash.com/photo-1759663176607-e6c4471258df?crop=entropy&cs=srgb&fm=jpg&ixid=M3w4NjAzMzV8MHwxfHNlYXJjaHwxfHxwcm9mZXNzaW9uYWwlMjBlbGVjdHJpY2lhbiUyMHdvcmtpbmclMjBkYXJrJTIwdW5pZm9ybXxlbnwwfHx8fDE3Njk0NjEyMDZ8MA&ixlib=rb-4.1.0&q=85",
      "hero_cleaning": "https://images.unsplash.com/photo-1758273705723-26ef454252ce?crop=entropy&cs=srgb&fm=jpg&ixid=M3w4NjA1MDV8MHwxfHNlYXJjaHw0fHxsdXh1cnklMjBob21lJTIwY2xlYW5pbmclMjBzZXJ2aWNlJTIwcHJvZmVzc2lvbmFsfGVufDB8fHx8MTc2OTQ2MTIwOHww&ixlib=rb-4.1.0&q=85",
      "logo_placeholder": "https://customer-assets.emergentagent.com/job_8b7950cf-fcc0-422d-94a1-8984ffe4e7b1/artifacts/87ozudbn_da4604c0-c850-4271-8180-9962dfa9300f.png",
      "electro_fix_logo": "https://customer-assets.emergentagent.com/job_8b7950cf-fcc0-422d-94a1-8984ffe4e7b1/artifacts/z4g9ce4s_71f01b27-ffdb-4d31-ab3c-785fc8e5fb97.jpeg",
      "taxi_service_img": "https://customer-assets.emergentagent.com/job_8b7950cf-fcc0-422d-94a1-8984ffe4e7b1/artifacts/hhgk9afl_3b8c987f-69cf-4831-9dae-b0613495644f.png",
      "cleaning_service_img": "https://customer-assets.emergentagent.com/job_8b7950cf-fcc0-422d-94a1-8984ffe4e7b1/artifacts/o851l1ux_12fa3d2a-31fc-4c54-86e7-869f32ef560e.png"
    },
    "icons": {
      "library": "lucide-react",
      "style": "stroke-1"
    }
  },
  "accessibility": {
    "contrast_check": "Ensure gold text on black meets 4.5:1 ratio. Use lighter gold (#F4C430) for small text if needed.",
    "focus_states": "Visible focus ring in Cyan (#00E5FF) for keyboard navigation.",
    "reduced_motion": "Respect prefers-reduced-motion media query."
  },
  "instructions_to_main_agent": [
    "Implement the 'Dark Mode Luxury' theme strictly. No white backgrounds.",
    "Use the provided image URLs for the respective service sections.",
    "The 'Electro Fix' section should lean towards the Cyan accent color.",
    "The 'Taxi' and 'Cleaning' sections should lean towards the Gold accent color.",
    "Ensure the Admin Dashboard is functional and uses the password 'Johnson'.",
    "Use Shadcn components but override the default styling to match the 'Dark Mode Luxury' theme (remove rounded-md, use rounded-xl or full).",
    "Add 'data-testid' to all interactive elements.",
    "Do not use 'Inter' font for headings. Import 'Playfair Display' and 'Manrope' from Google Fonts."
  ],
  "UNIVERSAL_GUIDELINES_FOR_MAIN_AGENT": [
    "Dark colors look good when used independently without gradients. DO NOT use dark colors as gradients",
    "Don't make generic centered layouts, simplistic gradients, and uniform styling.",
    "Create depth through layered design elements with z-index hierarchy",
    "Use glass-morphism effects with backdrop filters (12-24px blur)",
    "You MUST NOT apply universal transition. Eg: transition: all. This results in breaking transforms. Always add transitions for specific interactive elements like button, input excluding transforms",
    "You MUST NOT center align the app container, ie do not add .App { text-align: center; } in the css file. This disrupts the human natural reading flow of text",
    "Always use modern button styles like pill-shaped, or sharp button with interaction animations & color relevant to the app style",
    "NEVER: use AI assistant Emoji characters like 🤖🧠💭💡🔮🎯📚🎭🎬🎪🎉🎊🎁🎀🎂🍰🎈🎨🎰💰💵💳🏦💎🪙💸🤑📊📈📉💹🔢🏆🥇 etc for icons.",
    "Every interaction needs micro-animations - hover states, transitions, parallax effects, and entrance animations. Static = dead.",
    "Use 2-3x more spacing than feels comfortable. Cramped designs look cheap.",
    "Subtle grain textures, noise overlays, custom cursors, selection states, and loading animations: separates good from extraordinary.",
    "Main agent relies on these image URLs. Missing categories (especially sponsor logos) = main agent will use placeholder text which is FORBIDDEN",
    "Prioritize using pre-existing components from src/components/ui when applicable",
    "Create new components that match the style and conventions of existing components when needed",
    "Examine existing components to understand the project's component patterns before creating new ones",
    "Components MUST use named exports (export const ComponentName = ...)",
    "Pages MUST use default exports (export default function PageName() {...})",
    "Use sonner for toasts. Sonner component are located in /app/src/components/ui/sonner.tsx"
  ]
}